month,month_label,off_peak_charge,peak_charge,shoulder_charge,feed_in_credit,daily_charge,monthly_vpp_credit,wholesale_cost,total_monthly_bill,site_id
2025-01,January 2025,0.0,0.0,0.0,67.58,36.12,15.0,-158.54,-46.46,site_001
2025-02,February 2025,0.0,0.0,0.0,39.56,32.62,15.0,-58.63,-21.94,site_001
2025-03,March 2025,0.0,0.0,0.0,34.82,36.12,15.0,-55.64,-13.7,site_001
2025-04,April 2025,0.0,0.07,1.08,22.09,34.95,15.0,-55.22,-0.99,site_001
2025-05,May 2025,2.36,6.18,7.34,23.72,36.12,15.0,-171.6,13.28,site_001
2025-06,June 2025,0.13,4.1,3.73,23.39,34.95,15.0,-2.49,4.51,site_001
2025-07,July 2025,0.76,2.76,6.17,25.47,36.12,15.0,-32.55,5.33,site_001
2025-08,August 2025,0.0,0.0,0.0,36.2,36.12,15.0,-35.59,-15.08,site_001
2025-09,September 2025,0.0,0.0,0.0,46.33,34.95,15.0,-16.88,-26.38,site_001
2025-10,October 2025,0.0,0.0,0.0,58.99,36.12,15.0,-60.25,-37.87,site_001
2025-11,November 2025,0.63,1.64,2.02,49.99,34.95,15.0,-65.73,-25.75,site_001
2025-12,December 2025,0.0,0.0,0.0,49.53,36.12,15.0,-71.73,-28.41,site_001
2025-01,January 2025,0.24,2.91,8.98,11.24,36.12,15.0,-42.22,22.0,site_002
2025-02,February 2025,1.2,19.76,26.9,4.12,32.62,15.0,-59.56,61.35,site_002
2025-03,March 2025,0.22,0.84,3.3,10.76,36.12,15.0,-53.32,14.71,site_002
2025-04,April 2025,0.0,0.01,0.62,6.87,34.95,15.0,-41.78,13.72,site_002
2025-05,May 2025,2.16,12.81,15.67,8.13,36.12,15.0,-147.55,43.62,site_002
2025-06,June 2025,4.04,26.27,21.7,3.74,34.95,15.0,24.3,68.22,site_002
2025-07,July 2025,1.27,30.01,21.41,5.43,36.12,15.0,3.69,68.37,site_002
2025-08,August 2025,3.11,65.22,47.96,2.96,36.12,15.0,29.64,134.45,site_002
2025-09,September 2025,3.82,21.16,18.91,12.76,34.95,15.0,-4.07,51.07,site_002
2025-10,October 2025,1.09,10.85,10.5,9.68,36.12,15.0,-15.94,33.86,site_002
2025-11,November 2025,4.89,21.54,17.96,6.7,34.95,15.0,-9.54,57.64,site_002
2025-12,December 2025,1.96,5.78,13.86,9.15,36.12,15.0,1.33,33.57,site_002
2025-01,January 2025,0.0,0.0,0.01,59.87,36.12,15.0,-146.25,-38.75,site_003
2025-02,February 2025,0.0,0.0,0.0,37.54,32.62,15.0,-47.65,-19.92,site_003
2025-03,March 2025,0.0,0.0,0.0,45.03,36.12,15.0,-83.97,-23.91,site_003
2025-04,April 2025,0.0,0.0,0.0,38.99,34.95,15.0,-48.06,-19.04,site_003
2025-05,May 2025,0.59,2.78,1.88,33.32,36.12,15.0,-140.51,-6.96,site_003
2025-06,June 2025,0.0,0.0,0.0,35.04,34.95,15.0,-54.95,-15.09,site_003
2025-07,July 2025,0.0,0.0,0.0,35.92,36.12,15.0,-47.16,-14.81,site_003
2025-08,August 2025,0.0,0.0,0.0,41.3,36.12,15.0,-37.39,-20.19,site_003
2025-09,September 2025,0.0,0.0,0.0,52.07,34.95,15.0,-16.85,-32.12,site_003
2025-10,October 2025,0.0,0.0,0.0,55.54,36.12,15.0,-51.64,-34.43,site_003
2025-11,November 2025,0.06,0.11,0.0,50.74,34.95,15.0,-66.51,-30.62,site_003
2025-12,December 2025,0.0,0.0,0.0,59.6,36.12,15.0,-69.39,-38.48,site_003
2025-01,January 2025,0.0,0.0,0.0,27.76,36.12,15.0,-95.21,-6.64,site_004
2025-02,February 2025,0.0,0.0,0.0,18.34,32.62,15.0,-28.95,-0.72,site_004
2025-03,March 2025,0.0,0.0,0.0,24.16,36.12,15.0,-40.4,-3.04,site_004
2025-04,April 2025,0.0,0.0,0.0,18.37,34.95,15.0,-50.21,1.58,site_004
2025-05,May 2025,1.19,6.49,6.27,16.6,36.12,15.0,-150.62,18.46,site_004
2025-06,June 2025,0.0,3.39,2.48,12.46,34.95,15.0,-12.85,13.36,site_004
2025-07,July 2025,1.82,13.86,8.35,11.24,36.12,15.0,-10.22,33.9,site_004
2025-08,August 2025,0.0,0.0,0.0,18.05,36.12,15.0,-14.65,3.07,site_004
2025-09,September 2025,0.0,0.0,0.0,27.27,34.95,15.0,-11.15,-7.32,site_004
2025-10,October 2025,0.0,0.0,0.0,29.36,36.12,15.0,-41.54,-8.24,site_004
2025-11,November 2025,0.0,0.0,0.0,23.32,34.95,15.0,-39.63,-3.37,site_004
2025-12,December 2025,0.0,0.0,0.0,31.99,36.12,15.0,-24.56,-10.87,site_004
2025-01,January 2025,0.0,0.0,0.01,36.67,36.12,15.0,-110.05,-15.55,site_005
2025-02,February 2025,0.0,0.24,1.41,24.35,32.62,15.0,-54.64,-5.08,site_005
2025-03,March 2025,0.0,0.0,0.0,30.54,36.12,15.0,-85.18,-9.43,site_005
2025-04,April 2025,0.0,0.0,0.0,28.58,34.95,15.0,-68.16,-8.63,site_005
2025-05,May 2025,0.0,4.42,0.87,23.27,36.12,15.0,-108.25,3.14,site_005
2025-06,June 2025,1.09,11.12,4.9,19.12,34.95,15.0,-9.4,17.95,site_005
2025-07,July 2025,0.0,0.0,0.0,30.86,36.12,15.0,-34.03,-9.75,site_005
2025-08,August 2025,0.0,0.0,0.0,29.54,36.12,15.0,-25.0,-8.42,site_005
2025-09,September 2025,0.0,1.55,0.52,29.97,34.95,15.0,-11.34,-7.95,site_005
2025-10,October 2025,0.0,0.0,0.0,35.09,36.12,15.0,-36.08,-13.98,site_005
2025-11,November 2025,0.0,0.18,0.54,30.25,34.95,15.0,-96.91,-9.58,site_005
2025-12,December 2025,0.0,0.0,0.0,35.31,36.12,15.0,-60.9,-14.19,site_005
2025-01,January 2025,0.0,0.0,0.0,36.31,36.12,15.0,-111.2,-15.19,site_006
2025-02,February 2025,0.0,0.04,0.14,22.99,32.62,15.0,-65.62,-5.19,site_006
2025-03,March 2025,0.0,0.0,0.0,24.21,36.12,15.0,-69.82,-3.09,site_006
2025-04,April 2025,0.62,11.56,5.9,13.49,34.95,15.0,-39.77,24.54,site_006
2025-05,May 2025,4.45,23.4,12.68,9.15,36.12,15.0,-95.19,52.49,site_006
2025-06,June 2025,2.05,21.1,18.93,6.65,34.95,15.0,60.45,55.39,site_006
2025-07,July 2025,14.52,49.57,47.91,2.37,36.12,15.0,20.38,130.73,site_006
2025-08,August 2025,2.9,16.27,19.76,7.37,36.12,15.0,4.21,52.68,site_006
2025-09,September 2025,4.78,9.36,7.08,23.03,34.95,15.0,-5.08,18.15,site_006
2025-10,October 2025,0.64,3.46,4.83,27.33,36.12,15.0,-20.91,2.72,site_006
2025-11,November 2025,5.33,7.17,7.6,24.8,34.95,15.0,-65.03,15.25,site_006
2025-12,December 2025,1.61,2.42,5.16,30.62,36.12,15.0,-50.77,-0.31,site_006
2025-01,January 2025,0.0,0.0,0.0,50.4,36.12,15.0,-72.91,-29.28,site_007
2025-02,February 2025,0.0,0.0,0.0,32.97,32.62,15.0,-45.36,-15.35,site_007
2025-03,March 2025,0.0,0.0,0.0,37.27,36.12,15.0,-59.07,-16.15,site_007
2025-04,April 2025,0.0,0.0,0.0,25.19,34.95,15.0,-59.07,-5.24,site_007
2025-05,May 2025,2.65,69.31,20.0,3.47,36.12,15.0,15.5,109.61,site_007
2025-06,June 2025,10.15,148.22,22.87,0.18,34.95,15.0,129.28,201.02,site_007
2025-07,July 2025,10.11,161.56,29.61,0.29,36.12,15.0,53.26,222.11,site_007
2025-08,August 2025,0.41,13.52,7.0,18.94,36.12,15.0,-5.65,23.11,site_007
2025-09,September 2025,0.0,0.25,0.0,36.58,34.95,15.0,-11.02,-16.38,site_007
2025-10,October 2025,0.0,0.0,0.0,46.37,36.12,15.0,-24.36,-25.25,site_007
2025-11,November 2025,0.03,0.0,0.0,40.78,34.95,15.0,-69.59,-20.8,site_007
2025-12,December 2025,0.0,0.0,0.0,49.17,36.12,15.0,-41.62,-28.05,site_007
2025-01,January 2025,2.76,66.21,82.75,16.59,36.12,15.0,-34.76,156.24,site_008
2025-02,February 2025,5.11,75.91,75.64,11.54,32.62,15.0,4.13,162.75,site_008
2025-03,March 2025,3.94,45.77,63.92,7.2,36.12,15.0,-2.38,127.54,site_008
2025-04,April 2025,2.28,46.85,68.88,4.94,34.95,15.0,-3.0,133.01,site_008
2025-05,May 2025,9.25,105.81,75.31,3.21,36.12,15.0,-0.85,208.27,site_008
2025-06,June 2025,11.2,180.47,122.69,1.17,34.95,15.0,226.32,333.13,site_008
2025-07,July 2025,11.85,163.23,110.31,2.24,36.12,15.0,68.31,304.26,site_008
2025-08,August 2025,6.97,76.73,93.29,3.94,36.12,15.0,42.05,194.16,site_008
2025-09,September 2025,5.66,35.43,71.55,15.23,34.95,15.0,18.1,117.36,site_008
2025-10,October 2025,0.59,21.43,32.05,17.31,36.12,15.0,-3.07,57.88,site_008
2025-11,November 2025,3.97,36.04,59.03,17.64,34.95,15.0,-82.78,101.35,site_008
2025-12,December 2025,1.89,26.55,53.31,19.68,36.12,15.0,-10.44,83.19,site_008
2025-01,January 2025,0.0,0.0,0.0,32.97,36.12,15.0,-118.27,-11.85,site_009
2025-02,February 2025,0.0,3.61,1.17,18.68,32.62,15.0,-37.57,3.73,site_009
2025-03,March 2025,0.0,0.0,0.0,26.18,36.12,15.0,-43.74,-5.07,site_009
2025-04,April 2025,0.0,0.0,0.0,20.78,34.95,15.0,-52.35,-0.83,site_009
2025-05,May 2025,2.54,24.1,10.74,15.93,36.12,15.0,-139.38,42.57,site_009
2025-06,June 2025,2.44,37.2,12.44,10.15,34.95,15.0,24.93,61.88,site_009
2025-07,July 2025,2.68,42.85,12.75,3.71,36.12,15.0,3.15,75.69,site_009
2025-08,August 2025,0.92,12.95,6.5,13.91,36.12,15.0,-8.46,27.58,site_009
2025-09,September 2025,0.0,5.3,2.58,24.98,34.95,15.0,-12.09,2.85,site_009
2025-10,October 2025,0.0,0.03,0.05,31.84,36.12,15.0,-41.57,-10.65,site_009
2025-11,November 2025,1.1,3.51,5.31,25.61,34.95,15.0,-61.99,4.26,site_009
2025-12,December 2025,0.0,0.0,0.0,34.8,36.12,15.0,-34.14,-13.68,site_009
2025-01,January 2025,0.0,0.18,2.22,29.99,36.12,15.0,-94.77,-6.48,site_010
2025-02,February 2025,0.0,0.08,0.11,21.48,32.62,15.0,-58.35,-3.67,site_010
2025-03,March 2025,0.0,0.0,0.0,18.53,36.12,15.0,-65.26,2.59,site_010
2025-04,April 2025,0.33,3.22,1.79,9.67,34.95,15.0,-33.21,15.62,site_010
2025-05,May 2025,0.73,16.19,14.77,4.06,36.12,15.0,-29.5,48.75,site_010
2025-06,June 2025,0.27,13.83,8.2,0.7,34.95,15.0,3.73,41.55,site_010
2025-07,July 2025,10.11,215.19,110.66,0.61,36.12,15.0,70.59,356.47,site_010
2025-08,August 2025,2.79,52.85,27.27,6.02,36.12,15.0,11.52,98.01,site_010
2025-09,September 2025,0.15,12.4,5.57,15.27,34.95,15.0,-6.78,22.79,site_010
2025-10,October 2025,0.0,0.0,0.0,27.87,36.12,15.0,-36.73,-6.75,site_010
2025-11,November 2025,0.09,3.71,1.65,25.41,34.95,15.0,-28.48,-0.01,site_010
2025-12,December 2025,0.0,0.0,0.0,32.81,36.12,15.0,-79.03,-11.69,site_010
2025-01,January 2025,0.01,6.79,7.56,10.82,36.12,15.0,-80.14,24.65,site_011
2025-02,February 2025,0.0,30.5,16.48,3.74,32.62,15.0,-56.45,60.86,site_011
2025-03,March 2025,0.01,21.32,14.28,3.99,36.12,15.0,-18.87,52.75,site_011
2025-04,April 2025,1.1,9.05,22.03,5.21,34.95,15.0,-31.89,46.92,site_011
2025-05,May 2025,0.49,46.27,17.23,3.36,36.12,15.0,-128.58,81.75,site_011
2025-06,June 2025,0.44,75.62,35.76,1.37,34.95,15.0,81.68,130.4,site_011
2025-07,July 2025,0.99,59.91,24.27,1.62,36.12,15.0,16.16,104.65,site_011
2025-08,August 2025,0.19,31.21,22.41,2.11,36.12,15.0,12.88,72.83,site_011
2025-09,September 2025,0.0,6.46,6.38,10.61,34.95,15.0,-5.94,22.18,site_011
2025-10,October 2025,0.0,2.61,3.57,15.24,36.12,15.0,-20.07,12.06,site_011
2025-11,November 2025,0.62,27.45,5.61,13.28,34.95,15.0,-5.33,40.34,site_011
2025-12,December 2025,0.09,6.13,2.85,11.81,36.12,15.0,-4.75,18.37,site_011
2025-01,January 2025,0.0,4.39,7.57,39.84,36.12,15.0,-66.97,-6.77,site_012
2025-02,February 2025,0.0,2.69,3.89,28.51,32.62,15.0,-61.16,-4.3,site_012
2025-03,March 2025,0.0,0.62,0.35,31.14,36.12,15.0,-66.19,-9.07,site_012
2025-04,April 2025,0.0,1.01,2.73,25.69,34.95,15.0,-43.16,-2.0,site_012
2025-05,May 2025,0.0,20.42,19.32,20.47,36.12,15.0,-62.13,40.39,site_012
2025-06,June 2025,0.0,38.9,34.82,17.8,34.95,15.0,-29.82,75.88,site_012
2025-07,July 2025,1.11,89.46,57.11,16.6,36.12,15.0,21.92,152.2,site_012
2025-08,August 2025,0.0,28.57,36.84,22.08,36.12,15.0,2.25,64.44,site_012
2025-09,September 2025,0.31,3.63,9.27,32.71,34.95,15.0,-3.16,0.45,site_012
2025-10,October 2025,0.0,0.28,0.41,40.57,36.12,15.0,-32.13,-18.77,site_012
2025-11,November 2025,0.15,10.65,13.76,33.71,34.95,15.0,-127.69,10.8,site_012
2025-12,December 2025,0.0,0.09,0.98,42.11,36.12,15.0,-67.27,-19.93,site_012
2025-01,January 2025,0.0,0.01,0.43,52.91,36.12,15.0,-125.55,-31.35,site_013
2025-02,February 2025,0.0,0.43,1.11,34.09,32.62,15.0,-73.4,-14.93,site_013
2025-03,March 2025,0.0,0.0,0.0,42.78,36.12,15.0,-98.34,-21.66,site_013
2025-04,April 2025,0.0,0.22,2.1,34.97,34.95,15.0,-70.99,-12.71,site_013
2025-05,May 2025,0.0,13.9,5.8,32.09,36.12,15.0,-121.11,8.72,site_013
2025-06,June 2025,0.0,30.15,13.19,25.15,34.95,15.0,-56.21,38.15,site_013
2025-07,July 2025,0.62,53.45,16.36,28.64,36.12,15.0,-17.59,62.9,site_013
2025-08,August 2025,0.0,11.91,8.83,34.06,36.12,15.0,-24.24,7.8,site_013
2025-09,September 2025,0.0,5.46,3.4,43.86,34.95,15.0,-13.72,-15.05,site_013
2025-10,October 2025,0.0,2.13,0.33,46.95,36.12,15.0,-42.26,-23.38,site_013
2025-11,November 2025,0.0,6.21,1.13,38.55,34.95,15.0,-110.53,-11.26,site_013
2025-12,December 2025,0.0,1.46,1.14,43.42,36.12,15.0,-89.35,-19.7,site_013
2025-01,January 2025,0.0,0.0,0.01,60.96,36.12,15.0,-134.74,-39.84,site_014
2025-02,February 2025,0.0,0.05,0.59,37.49,32.62,15.0,-79.17,-19.23,site_014
2025-03,March 2025,0.57,1.91,0.0,36.62,36.12,15.0,-71.86,-13.02,site_014
2025-04,April 2025,0.0,2.9,2.21,25.77,34.95,15.0,-66.5,-0.71,site_014
2025-05,May 2025,1.96,15.33,5.56,16.25,36.12,15.0,-87.18,27.71,site_014
2025-06,June 2025,6.06,23.45,10.92,7.42,34.95,15.0,29.32,52.97,site_014
2025-07,July 2025,7.32,33.14,9.48,11.17,36.12,15.0,-1.15,59.88,site_014
2025-08,August 2025,0.62,5.33,2.43,20.31,36.12,15.0,-16.68,9.18,site_014
2025-09,September 2025,0.88,2.41,0.45,37.07,34.95,15.0,-13.52,-13.38,site_014
2025-10,October 2025,0.47,0.4,0.28,44.71,36.12,15.0,-26.59,-22.46,site_014
2025-11,November 2025,0.94,2.34,0.51,46.85,34.95,15.0,-114.57,-23.12,site_014
2025-12,December 2025,0.25,0.0,0.25,55.62,36.12,15.0,-41.35,-34.01,site_014
2025-01,January 2025,0.0,0.0,0.01,33.28,36.12,15.0,-56.91,-12.16,site_015
2025-02,February 2025,0.0,0.52,0.49,18.23,32.62,15.0,-28.57,0.4,site_015
2025-03,March 2025,0.0,0.0,0.0,24.65,36.12,15.0,-48.71,-3.53,site_015
2025-04,April 2025,0.0,0.0,0.0,22.1,34.95,15.0,-56.81,-2.15,site_015
2025-05,May 2025,0.0,0.93,3.23,22.86,36.12,15.0,-184.46,2.43,site_015
2025-06,June 2025,0.0,5.92,6.5,21.07,34.95,15.0,-23.65,11.3,site_015
2025-07,July 2025,0.0,1.78,2.65,21.41,36.12,15.0,-27.87,4.14,site_015
2025-08,August 2025,0.0,0.0,0.0,26.53,36.12,15.0,-21.59,-5.41,site_015
2025-09,September 2025,0.0,0.87,2.18,28.7,34.95,15.0,-11.04,-5.7,site_015
2025-10,October 2025,0.0,1.77,0.25,28.09,36.12,15.0,-14.08,-4.96,site_015
2025-11,November 2025,0.0,0.0,0.0,28.64,34.95,15.0,-51.57,-8.69,site_015
2025-12,December 2025,0.0,0.0,0.0,31.53,36.12,15.0,-23.5,-10.41,site_015
2025-01,January 2025,0.01,2.31,8.14,24.86,36.12,15.0,-90.84,6.71,site_016
2025-02,February 2025,0.11,11.14,14.24,9.49,32.62,15.0,-40.51,33.62,site_016
2025-03,March 2025,0.26,13.12,13.63,14.36,36.12,15.0,-16.01,33.76,site_016
2025-04,April 2025,0.46,14.04,19.25,10.29,34.95,15.0,-22.82,43.41,site_016
2025-05,May 2025,2.69,68.9,33.24,9.21,36.12,15.0,-72.64,116.73,site_016
2025-06,June 2025,2.83,92.78,49.41,7.31,34.95,15.0,153.69,157.67,site_016
2025-07,July 2025,1.7,48.39,29.03,7.35,36.12,15.0,8.64,92.88,site_016
2025-08,August 2025,0.0,14.1,11.67,11.36,36.12,15.0,-3.29,35.52,site_016
2025-09,September 2025,0.01,2.14,6.42,21.67,34.95,15.0,-9.19,6.85,site_016
2025-10,October 2025,0.0,3.37,5.65,24.3,36.12,15.0,-22.4,5.84,site_016
2025-11,November 2025,0.39,10.49,8.24,21.36,34.95,15.0,-45.76,17.71,site_016
2025-12,December 2025,0.0,0.0,0.0,29.0,36.12,15.0,-53.29,-7.88,site_016
2025-01,January 2025,0.0,5.55,6.61,24.82,36.12,15.0,-87.56,8.45,site_017
2025-02,February 2025,0.35,25.55,16.24,13.78,32.62,15.0,-30.6,45.98,site_017
2025-03,March 2025,0.0,4.33,10.31,10.71,36.12,15.0,-16.4,25.05,site_017
2025-04,April 2025,0.0,18.19,18.61,6.28,34.95,15.0,-39.31,50.47,site_017
2025-05,May 2025,0.19,38.74,41.18,1.87,36.12,15.0,-57.0,99.35,site_017
2025-06,June 2025,0.57,89.26,44.68,0.46,34.95,15.0,95.94,154.0,site_017
2025-07,July 2025,3.22,142.64,82.75,0.62,36.12,15.0,56.1,249.11,site_017
2025-08,August 2025,0.37,95.93,78.75,2.14,36.12,15.0,57.1,194.03,site_017
2025-09,September 2025,0.64,26.26,30.6,12.66,34.95,15.0,5.92,64.78,site_017
2025-10,October 2025,0.38,6.47,8.31,20.0,36.12,15.0,-12.13,16.27,site_017
2025-11,November 2025,0.33,15.39,9.38,19.36,34.95,15.0,-100.5,25.68,site_017
2025-12,December 2025,0.19,1.26,5.64,22.22,36.12,15.0,-92.29,5.99,site_017
2025-01,January 2025,0.0,0.0,0.01,48.29,36.12,15.0,-130.09,-27.17,site_018
2025-02,February 2025,0.0,0.0,0.0,29.08,32.62,15.0,-41.03,-11.46,site_018
2025-03,March 2025,0.0,0.0,0.0,26.11,36.12,15.0,-46.48,-5.0,site_018
2025-04,April 2025,0.0,0.11,1.54,17.6,34.95,15.0,-47.37,3.99,site_018
2025-05,May 2025,0.0,0.0,0.0,24.4,36.12,15.0,-178.96,-3.29,site_018
2025-06,June 2025,0.0,0.0,0.0,28.26,34.95,15.0,-39.93,-8.31,site_018
2025-07,July 2025,0.0,0.0,0.0,32.25,36.12,15.0,-35.45,-11.14,site_018
2025-08,August 2025,0.0,0.0,0.0,36.9,36.12,15.0,-31.43,-15.78,site_018
2025-09,September 2025,0.0,0.0,0.0,44.33,34.95,15.0,-14.3,-24.38,site_018
2025-10,October 2025,0.0,0.0,0.0,38.14,36.12,15.0,-48.61,-17.03,site_018
2025-11,November 2025,1.21,2.63,4.29,32.52,34.95,15.0,-50.06,-4.44,site_018
2025-12,December 2025,0.0,0.0,0.0,32.35,36.12,15.0,-33.86,-11.23,site_018
2025-01,January 2025,10.07,52.34,30.23,6.46,36.12,15.0,-33.49,107.3,site_019
2025-02,February 2025,25.22,95.71,46.0,1.56,32.62,15.0,-10.86,182.99,site_019
2025-03,March 2025,12.54,40.37,35.3,1.73,36.12,15.0,23.28,107.6,site_019
2025-04,April 2025,10.79,80.62,53.5,1.36,34.95,15.0,-8.72,163.5,site_019
2025-05,May 2025,14.9,106.47,51.26,0.0,36.12,15.0,47.59,193.75,site_019
2025-06,June 2025,24.52,110.03,43.37,0.14,34.95,15.0,133.95,197.72,site_019
2025-07,July 2025,17.86,83.65,37.17,0.6,36.12,15.0,29.95,159.19,site_019
2025-08,August 2025,9.44,48.3,28.22,0.84,36.12,15.0,18.0,106.25,site_019
2025-09,September 2025,4.41,11.2,8.61,10.19,34.95,15.0,-4.37,33.98,site_019
2025-10,October 2025,6.02,17.37,9.87,9.61,36.12,15.0,-11.04,44.77,site_019
2025-11,November 2025,11.17,31.32,13.11,10.67,34.95,15.0,-103.66,64.88,site_019
2025-12,December 2025,20.22,48.57,30.83,3.73,36.12,15.0,15.95,117.0,site_019
2025-01,January 2025,0.0,0.0,0.01,52.92,36.12,15.0,-82.31,-31.8,site_020
2025-02,February 2025,0.0,0.0,0.0,26.81,32.62,15.0,-33.16,-9.19,site_020
2025-03,March 2025,0.0,0.0,0.0,27.2,36.12,15.0,-50.96,-6.09,site_020
2025-04,April 2025,0.35,0.65,1.29,21.57,34.95,15.0,-60.29,0.66,site_020
2025-05,May 2025,0.0,0.14,0.0,31.36,36.12,15.0,-202.94,-10.1,site_020
2025-06,June 2025,0.0,0.0,0.0,43.82,34.95,15.0,-71.88,-23.87,site_020
2025-07,July 2025,0.0,0.0,0.0,48.58,36.12,15.0,-61.41,-27.46,site_020
2025-08,August 2025,0.0,0.0,0.0,44.32,36.12,15.0,-45.88,-23.2,site_020
2025-09,September 2025,0.98,1.44,3.44,34.2,34.95,15.0,-12.0,-8.39,site_020
2025-10,October 2025,0.0,0.32,1.45,37.07,36.12,15.0,-21.25,-14.19,site_020
2025-11,November 2025,0.7,9.49,2.67,29.62,34.95,15.0,-43.37,3.2,site_020
2025-12,December 2025,0.0,0.0,0.0,38.75,36.12,15.0,-36.38,-17.63,site_020
2025-01,January 2025,5.2,198.33,41.32,21.96,36.12,15.0,30.95,244.0,site_021
2025-02,February 2025,2.37,94.69,74.24,16.43,32.62,15.0,-7.52,172.48,site_021
2025-03,March 2025,0.51,26.88,39.78,22.78,36.12,15.0,-39.66,65.5,site_021
2025-04,April 2025,0.6,15.72,96.29,18.5,34.95,15.0,-3.5,114.07,site_021
2025-05,May 2025,5.56,73.02,130.0,13.8,36.12,15.0,-0.45,215.9,site_021
2025-06,June 2025,7.66,109.1,136.57,8.58,34.95,15.0,252.14,264.7,site_021
2025-07,July 2025,9.91,130.68,161.33,10.71,36.12,15.0,62.42,312.33,site_021
2025-08,August 2025,2.15,71.74,133.5,16.8,36.12,15.0,50.69,211.71,site_021
2025-09,September 2025,0.33,11.73,79.87,29.54,34.95,15.0,18.62,82.34,site_021
2025-10,October 2025,0.71,26.47,63.24,29.4,36.12,15.0,-3.79,82.14,site_021
2025-11,November 2025,0.63,67.91,61.88,25.01,34.95,15.0,-54.56,125.37,site_021
2025-12,December 2025,0.47,62.53,77.43,25.28,36.12,15.0,-53.99,136.27,site_021
2025-01,January 2025,0.0,13.58,4.57,27.1,36.12,15.0,-98.05,12.16,site_022
2025-02,February 2025,0.26,9.43,5.66,13.39,32.62,15.0,-80.82,19.58,site_022
2025-03,March 2025,0.0,0.61,0.84,17.4,36.12,15.0,-40.4,5.17,site_022
2025-04,April 2025,0.0,0.0,0.0,10.67,34.95,15.0,-53.42,9.28,site_022
2025-05,May 2025,2.16,9.86,3.98,10.88,36.12,15.0,-170.8,26.23,site_022
2025-06,June 2025,4.52,15.62,5.77,2.88,34.95,15.0,18.53,42.98,site_022
2025-07,July 2025,3.94,41.95,12.41,3.37,36.12,15.0,5.83,76.04,site_022
2025-08,August 2025,0.0,0.0,0.0,20.79,36.12,15.0,-17.03,0.33,site_022
2025-09,September 2025,0.0,0.0,0.0,28.33,34.95,15.0,-12.89,-8.38,site_022
2025-10,October 2025,0.14,0.0,0.0,31.6,36.12,15.0,-18.69,-10.34,site_022
2025-11,November 2025,0.0,0.0,0.0,24.84,34.95,15.0,-51.65,-4.89,site_022
2025-12,December 2025,0.0,0.0,0.0,26.34,36.12,15.0,-21.44,-5.22,site_022
2025-01,January 2025,0.0,1.4,9.01,39.84,36.12,15.0,-100.33,-8.31,site_023
2025-02,February 2025,0.0,4.17,5.67,27.03,32.62,15.0,-37.53,0.43,site_023
2025-03,March 2025,0.0,0.0,0.0,39.67,36.12,15.0,-56.81,-18.56,site_023
2025-04,April 2025,0.0,0.0,0.0,36.23,34.95,15.0,-62.67,-16.28,site_023
2025-05,May 2025,0.12,19.24,18.29,28.16,36.12,15.0,-173.14,30.6,site_023
2025-06,June 2025,0.53,65.77,15.59,16.77,34.95,15.0,105.69,85.06,site_023
2025-07,July 2025,1.77,57.17,19.72,23.56,36.12,15.0,-14.69,76.21,site_023
2025-08,August 2025,0.0,2.23,1.67,32.03,36.12,15.0,-26.17,-7.02,site_023
2025-09,September 2025,0.0,0.0,0.0,44.23,34.95,15.0,-12.28,-24.28,site_023
2025-10,October 2025,0.0,0.0,0.09,47.07,36.12,15.0,-21.35,-25.87,site_023
2025-11,November 2025,0.0,0.0,0.0,37.68,34.95,15.0,-36.23,-17.73,site_023
2025-12,December 2025,0.0,0.0,0.0,50.12,36.12,15.0,-54.85,-29.01,site_023
2025-01,January 2025,0.0,0.0,0.01,22.87,36.12,15.0,-98.76,-1.74,site_024
2025-02,February 2025,0.0,0.42,1.49,10.33,32.62,15.0,-69.22,9.2,site_024
2025-03,March 2025,0.0,1.58,4.44,12.32,36.12,15.0,-30.44,14.82,site_024
2025-04,April 2025,0.0,1.09,28.9,5.51,34.95,15.0,-35.83,44.42,site_024
2025-05,May 2025,0.0,5.72,35.34,2.48,36.12,15.0,-144.16,59.69,site_024
2025-06,June 2025,0.0,7.36,52.75,1.59,34.95,15.0,15.62,78.47,site_024
2025-07,July 2025,0.33,18.4,53.97,1.57,36.12,15.0,12.0,92.24,site_024
2025-08,August 2025,0.0,1.08,18.75,3.65,36.12,15.0,-0.4,37.28,site_024
2025-09,September 2025,0.0,0.93,6.51,12.94,34.95,15.0,-9.02,14.46,site_024
2025-10,October 2025,0.0,0.15,2.87,18.58,36.12,15.0,-12.8,5.56,site_024
2025-11,November 2025,1.08,6.08,16.55,13.2,34.95,15.0,-8.93,30.46,site_024
2025-12,December 2025,0.0,0.04,7.31,13.31,36.12,15.0,-3.89,15.16,site_024
2025-01,January 2025,0.0,0.0,0.01,55.01,36.12,15.0,-141.77,-33.89,site_025
2025-02,February 2025,0.0,0.1,0.38,33.76,32.62,15.0,-70.52,-15.66,site_025
2025-03,March 2025,0.0,0.0,0.0,33.0,36.12,15.0,-77.95,-11.89,site_025
2025-04,April 2025,0.0,0.73,2.31,22.04,34.95,15.0,-38.01,0.96,site_025
2025-05,May 2025,0.01,5.9,5.29,19.59,36.12,15.0,-116.46,12.72,site_025
2025-06,June 2025,0.07,9.61,11.66,13.81,34.95,15.0,-4.09,27.48,site_025
2025-07,July 2025,0.46,15.36,8.1,17.83,36.12,15.0,-13.57,27.21,site_025
2025-08,August 2025,0.0,0.26,1.18,24.9,36.12,15.0,-18.96,-2.35,site_025
2025-09,September 2025,0.0,0.05,1.62,36.37,34.95,15.0,-10.38,-14.75,site_025
2025-10,October 2025,0.0,0.1,0.98,42.04,36.12,15.0,-43.45,-19.84,site_025
2025-11,November 2025,0.11,1.97,2.4,36.92,34.95,15.0,-70.3,-12.49,site_025
2025-12,December 2025,0.0,0.0,0.0,43.59,36.12,15.0,-79.52,-22.47,site_025
2025-01,January 2025,0.0,0.17,1.56,38.56,36.12,15.0,-101.9,-15.72,site_026
2025-02,February 2025,0.0,1.81,4.08,24.88,32.62,15.0,-50.13,-1.37,site_026
2025-03,March 2025,0.0,0.57,1.36,27.08,36.12,15.0,-40.59,-4.04,site_026
2025-04,April 2025,0.0,2.4,6.56,23.2,34.95,15.0,-60.57,5.72,site_026
2025-05,May 2025,0.14,17.35,26.17,21.43,36.12,15.0,-88.73,43.35,site_026
2025-06,June 2025,0.06,23.17,41.08,18.06,34.95,15.0,28.24,66.2,site_026
2025-07,July 2025,0.29,28.14,40.43,21.85,36.12,15.0,-4.55,68.13,site_026
2025-08,August 2025,0.0,6.19,23.64,25.0,36.12,15.0,-10.97,25.95,site_026
2025-09,September 2025,0.0,3.69,9.45,32.19,34.95,15.0,-4.61,0.89,site_026
2025-10,October 2025,0.0,1.14,3.61,36.63,36.12,15.0,-18.54,-10.77,site_026
2025-11,November 2025,0.1,3.58,4.5,30.47,34.95,15.0,-100.68,-2.35,site_026
2025-12,December 2025,0.0,0.0,0.83,33.07,36.12,15.0,-55.12,-11.13,site_026
2025-01,January 2025,0.0,11.84,1.13,31.75,36.12,15.0,-95.86,2.33,site_027
2025-02,February 2025,0.47,16.12,7.74,18.34,32.62,15.0,-24.83,23.61,site_027
2025-03,March 2025,0.0,0.0,0.0,28.51,36.12,15.0,-43.77,-7.39,site_027
2025-04,April 2025,0.0,0.0,0.0,17.61,34.95,15.0,-47.49,2.34,site_027
2025-05,May 2025,4.99,40.15,5.48,8.9,36.12,15.0,-137.5,62.83,site_027
2025-06,June 2025,6.1,76.16,26.07,1.53,34.95,15.0,117.03,126.76,site_027
2025-07,July 2025,8.22,99.14,33.84,1.67,36.12,15.0,29.14,160.64,site_027
2025-08,August 2025,1.65,28.22,8.86,7.9,36.12,15.0,3.17,51.94,site_027
2025-09,September 2025,0.0,4.32,2.39,20.86,34.95,15.0,-10.17,5.8,site_027
2025-10,October 2025,0.0,0.3,0.43,27.43,36.12,15.0,-26.43,-5.58,site_027
2025-11,November 2025,1.15,5.61,2.13,24.95,34.95,15.0,-56.68,3.89,site_027
2025-12,December 2025,0.0,0.0,0.0,37.06,36.12,15.0,-31.38,-15.95,site_027
2025-01,January 2025,5.08,134.4,40.68,6.81,36.12,15.0,29.06,194.47,site_028
2025-02,February 2025,4.07,107.71,38.16,3.02,32.62,15.0,-56.11,164.55,site_028
2025-03,March 2025,0.0,27.07,14.75,6.97,36.12,15.0,-20.14,55.97,site_028
2025-04,April 2025,0.0,0.0,0.0,13.11,34.95,15.0,-52.98,6.84,site_028
2025-05,May 2025,0.16,12.19,4.24,12.92,36.12,15.0,-171.1,24.78,site_028
2025-06,June 2025,0.35,9.32,7.21,10.6,34.95,15.0,2.16,26.22,site_028
2025-07,July 2025,0.0,1.37,0.98,20.62,36.12,15.0,-20.61,2.84,site_028
2025-08,August 2025,0.51,7.12,5.41,10.99,36.12,15.0,-8.39,23.17,site_028
2025-09,September 2025,0.0,0.0,0.0,21.22,34.95,15.0,-9.05,-1.27,site_028
2025-10,October 2025,0.0,0.11,1.01,23.79,36.12,15.0,-18.8,-1.55,site_028
2025-11,November 2025,1.13,40.78,23.57,7.69,34.95,15.0,4.88,77.73,site_028
2025-12,December 2025,0.0,32.12,8.47,9.55,36.12,15.0,-2.71,52.15,site_028
2025-01,January 2025,0.0,1.83,9.28,34.1,36.12,15.0,-51.92,-1.88,site_029
2025-02,February 2025,0.0,0.92,8.1,23.38,32.62,15.0,-34.35,3.26,site_029
2025-03,March 2025,0.0,0.0,0.0,28.21,36.12,15.0,-47.08,-7.1,site_029
2025-04,April 2025,0.0,0.0,0.0,16.15,34.95,15.0,-53.68,3.8,site_029
2025-05,May 2025,0.0,0.0,0.0,15.77,36.12,15.0,-181.41,5.34,site_029
2025-06,June 2025,2.06,20.42,5.85,5.88,34.95,15.0,61.08,42.4,site_029
2025-07,July 2025,0.28,2.83,0.9,18.51,36.12,15.0,-14.29,6.61,site_029
2025-08,August 2025,0.0,0.0,0.0,22.52,36.12,15.0,-17.08,-1.4,site_029
2025-09,September 2025,0.0,0.23,0.05,26.65,34.95,15.0,-8.0,-6.43,site_029
2025-10,October 2025,0.0,0.0,0.0,43.28,36.12,15.0,-23.23,-22.16,site_029
2025-11,November 2025,0.0,0.0,0.0,42.35,34.95,15.0,-72.51,-22.4,site_029
2025-12,December 2025,0.0,0.0,0.0,47.17,36.12,15.0,-49.2,-26.05,site_029
2025-01,January 2025,0.0,0.0,0.01,56.32,36.12,15.0,-155.89,-35.19,site_030
2025-02,February 2025,0.0,0.0,0.0,38.09,32.62,15.0,-84.01,-20.47,site_030
2025-03,March 2025,0.0,0.0,0.0,38.23,36.12,15.0,-100.82,-17.12,site_030
2025-04,April 2025,0.0,0.05,0.0,32.25,34.95,15.0,-70.33,-12.24,site_030
2025-05,May 2025,0.15,3.69,3.09,22.58,36.12,15.0,-110.66,5.47,site_030
2025-06,June 2025,1.22,4.36,2.98,14.87,34.95,15.0,-12.63,13.65,site_030
2025-07,July 2025,0.33,7.85,2.58,19.96,36.12,15.0,-22.2,11.91,site_030
2025-08,August 2025,0.0,0.18,1.1,30.78,36.12,15.0,-27.43,-8.39,site_030
2025-09,September 2025,0.0,0.0,0.57,37.85,34.95,15.0,-14.97,-17.32,site_030
2025-10,October 2025,0.0,0.0,0.0,47.78,36.12,15.0,-48.94,-26.67,site_030
2025-11,November 2025,0.06,0.0,0.93,40.71,34.95,15.0,-108.56,-19.77,site_030
2025-12,December 2025,0.0,0.0,0.0,50.83,36.12,15.0,-97.77,-29.71,site_030
2025-01,January 2025,0.22,33.21,77.89,31.92,36.12,15.0,-67.29,100.52,site_031
2025-02,February 2025,7.21,20.95,68.8,18.6,32.62,15.0,-32.54,95.97,site_031
2025-03,March 2025,4.54,16.86,59.07,24.52,36.12,15.0,-19.27,77.08,site_031
2025-04,April 2025,3.64,22.01,62.24,17.81,34.95,15.0,-30.76,90.03,site_031
2025-05,May 2025,8.24,37.86,111.59,13.97,36.12,15.0,-50.05,164.84,site_031
2025-06,June 2025,10.15,61.37,127.29,6.67,34.95,15.0,164.9,212.08,site_031
2025-07,July 2025,11.01,57.98,133.97,9.64,36.12,15.0,42.13,214.43,site_031
2025-08,August 2025,1.67,11.02,89.11,19.59,36.12,15.0,15.93,103.32,site_031
2025-09,September 2025,3.31,8.04,78.56,26.35,34.95,15.0,17.03,83.51,site_031
2025-10,October 2025,3.75,2.5,67.99,31.65,36.12,15.0,1.6,63.72,site_031
2025-11,November 2025,7.44,12.52,75.69,26.39,34.95,15.0,-83.78,89.2,site_031
2025-12,December 2025,3.43,1.14,54.7,34.49,36.12,15.0,-55.68,45.89,site_031
2025-01,January 2025,5.11,148.96,85.39,5.67,36.12,15.0,-6.27,254.92,site_032
2025-02,February 2025,6.34,109.73,66.41,5.08,32.62,15.0,-17.35,195.01,site_032
2025-03,March 2025,1.16,49.61,38.77,8.5,36.12,15.0,21.62,102.16,site_032
2025-04,April 2025,0.63,11.32,13.59,16.01,34.95,15.0,-29.91,29.48,site_032
2025-05,May 2025,0.31,35.15,19.7,13.87,36.12,15.0,-95.17,62.4,site_032
2025-06,June 2025,0.18,20.86,22.39,13.25,34.95,15.0,14.09,50.13,site_032
2025-07,July 2025,1.08,16.1,16.72,12.92,36.12,15.0,-5.55,42.1,site_032
2025-08,August 2025,0.0,2.96,2.1,15.86,36.12,15.0,-13.96,10.32,site_032
2025-09,September 2025,0.0,0.0,3.17,29.18,34.95,15.0,-7.44,-6.06,site_032
2025-10,October 2025,0.0,0.43,2.17,31.23,36.12,15.0,-37.95,-7.52,site_032
2025-11,November 2025,1.65,29.39,25.41,15.86,34.95,15.0,-30.74,60.55,site_032
2025-12,December 2025,0.0,1.63,5.32,17.56,36.12,15.0,-95.01,10.51,site_032
2025-01,January 2025,0.0,0.01,0.69,62.55,36.12,15.0,-148.13,-40.74,site_033
2025-02,February 2025,0.44,2.53,3.58,39.45,32.62,15.0,-70.32,-15.27,site_033
2025-03,March 2025,0.38,1.34,2.12,39.75,36.12,15.0,-82.02,-14.79,site_033
2025-04,April 2025,2.37,14.88,12.22,29.78,34.95,15.0,-67.23,19.64,site_033
2025-05,May 2025,1.63,17.9,13.71,30.61,36.12,15.0,-104.09,23.74,site_033
2025-06,June 2025,1.34,55.18,30.07,24.07,34.95,15.0,8.67,82.48,site_033
2025-07,July 2025,4.2,97.21,39.81,29.12,36.12,15.0,2.71,133.21,site_033
2025-08,August 2025,1.72,20.92,14.71,31.76,36.12,15.0,-18.47,26.72,site_033
2025-09,September 2025,2.73,10.94,14.92,40.36,34.95,15.0,-5.87,8.18,site_033
2025-10,October 2025,0.16,3.01,6.33,47.54,36.12,15.0,-34.15,-16.92,site_033
2025-11,November 2025,2.74,3.35,10.14,41.01,34.95,15.0,-65.87,-4.84,site_033
2025-12,December 2025,0.98,0.11,4.95,47.66,36.12,15.0,-86.32,-20.51,site_033
2025-01,January 2025,0.0,7.8,12.53,50.86,36.12,15.0,-97.35,-9.42,site_034
2025-02,February 2025,0.19,8.46,9.7,40.67,32.62,15.0,-82.44,-4.7,site_034
2025-03,March 2025,0.0,1.91,2.26,50.1,36.12,15.0,-103.02,-24.81,site_034
2025-04,April 2025,0.01,2.66,1.7,39.4,34.95,15.0,-69.78,-15.09,site_034
2025-05,May 2025,0.0,5.33,3.57,36.72,36.12,15.0,-120.67,-6.71,site_034
2025-06,June 2025,0.0,0.28,0.8,37.27,34.95,15.0,-77.05,-16.24,site_034
2025-07,July 2025,0.12,10.75,7.47,37.18,36.12,15.0,-37.96,2.27,site_034
2025-08,August 2025,0.0,2.79,2.34,37.18,36.12,15.0,-30.29,-10.93,site_034
2025-09,September 2025,0.0,0.65,0.91,47.14,34.95,15.0,-9.29,-25.63,site_034
2025-10,October 2025,0.0,0.0,0.03,51.84,36.12,15.0,-45.24,-30.7,site_034
2025-11,November 2025,0.0,9.3,7.07,41.96,34.95,15.0,-148.04,-5.64,site_034
2025-12,December 2025,0.0,4.2,0.61,53.56,36.12,15.0,-87.43,-27.64,site_034
2025-01,January 2025,0.0,0.0,0.0,34.06,36.12,15.0,-71.08,-12.94,site_035
2025-02,February 2025,0.0,0.0,0.0,22.58,32.62,15.0,-36.58,-4.96,site_035
2025-03,March 2025,0.0,0.0,0.0,22.94,36.12,15.0,-49.04,-1.82,site_035
2025-04,April 2025,0.0,0.0,0.0,15.1,34.95,15.0,-56.35,4.85,site_035
2025-05,May 2025,0.0,0.0,0.0,10.65,36.12,15.0,-178.58,10.47,site_035
2025-06,June 2025,0.14,1.53,1.27,4.36,34.95,15.0,0.67,18.53,site_035
2025-07,July 2025,0.06,0.81,1.13,6.61,36.12,15.0,-10.98,16.5,site_035
2025-08,August 2025,0.0,0.0,0.0,15.88,36.12,15.0,-16.05,5.24,site_035
2025-09,September 2025,0.0,0.0,0.0,23.44,34.95,15.0,-12.86,-3.49,site_035
2025-10,October 2025,0.0,0.56,0.0,28.53,36.12,15.0,-23.98,-6.85,site_035
2025-11,November 2025,0.0,0.0,0.0,25.7,34.95,15.0,-48.35,-5.75,site_035
2025-12,December 2025,0.0,0.0,0.0,33.83,36.12,15.0,-35.8,-12.72,site_035
2025-01,January 2025,0.0,0.0,0.0,46.81,36.12,15.0,-114.34,-25.69,site_036
2025-02,February 2025,0.0,0.0,0.0,34.16,32.62,15.0,-45.81,-16.54,site_036
2025-03,March 2025,0.0,0.0,0.0,37.24,36.12,15.0,-53.77,-16.13,site_036
2025-04,April 2025,0.0,0.0,0.0,29.76,34.95,15.0,-59.92,-9.81,site_036
2025-05,May 2025,0.0,0.0,0.0,34.96,36.12,15.0,-187.92,-13.85,site_036
2025-06,June 2025,0.0,0.0,0.0,35.75,34.95,15.0,-55.41,-15.8,site_036
2025-07,July 2025,1.9,25.55,14.1,17.51,36.12,15.0,-16.84,45.15,site_036
2025-08,August 2025,0.0,5.71,13.47,26.16,36.12,15.0,-17.62,14.13,site_036
2025-09,September 2025,0.0,0.0,0.0,37.31,34.95,15.0,-14.29,-17.36,site_036
2025-10,October 2025,0.0,0.0,0.0,42.6,36.12,15.0,-51.11,-21.49,site_036
2025-11,November 2025,0.0,0.0,0.0,34.95,34.95,15.0,-39.13,-15.0,site_036
2025-12,December 2025,0.0,0.0,0.0,42.32,36.12,15.0,-43.38,-21.2,site_036
2025-01,January 2025,0.0,1.44,2.44,33.26,36.12,15.0,-58.33,-8.26,site_037
2025-02,February 2025,0.0,0.17,0.0,18.0,32.62,15.0,-31.22,-0.21,site_037
2025-03,March 2025,0.0,0.0,0.0,19.51,36.12,15.0,-40.17,1.61,site_037
2025-04,April 2025,0.0,0.0,0.0,18.52,34.95,15.0,-52.56,1.43,site_037
2025-05,May 2025,0.0,16.98,12.47,6.83,36.12,15.0,-164.81,43.73,site_037
2025-06,June 2025,0.0,9.53,9.78,1.64,34.95,15.0,-1.66,37.63,site_037
2025-07,July 2025,0.0,0.0,0.0,15.79,36.12,15.0,-15.67,5.32,site_037
2025-08,August 2025,0.0,0.0,0.0,24.41,36.12,15.0,-19.13,-3.29,site_037
2025-09,September 2025,0.0,0.0,0.0,24.74,34.95,15.0,-8.43,-4.79,site_037
2025-10,October 2025,0.0,0.18,0.13,27.5,36.12,15.0,-13.1,-6.07,site_037
2025-11,November 2025,0.0,2.03,2.23,24.13,34.95,15.0,-62.69,0.08,site_037
2025-12,December 2025,0.0,0.0,0.0,30.43,36.12,15.0,-37.15,-9.31,site_037
2025-01,January 2025,2.26,32.87,44.18,20.4,36.12,15.0,-41.55,80.03,site_038
2025-02,February 2025,4.91,49.04,36.82,10.45,32.62,15.0,-21.64,97.94,site_038
2025-03,March 2025,5.11,34.09,26.28,10.83,36.12,15.0,-2.79,75.77,site_038
2025-04,April 2025,1.95,29.03,33.24,9.89,34.95,15.0,-13.99,74.29,site_038
2025-05,May 2025,1.39,114.1,47.97,10.64,36.12,15.0,-12.18,173.93,site_038
2025-06,June 2025,4.75,145.66,67.74,8.62,34.95,15.0,275.74,229.48,site_038
2025-07,July 2025,3.77,159.33,73.0,10.59,36.12,15.0,51.78,246.62,site_038
2025-08,August 2025,7.42,123.04,61.4,12.04,36.12,15.0,51.07,200.93,site_038
2025-09,September 2025,5.16,40.91,29.65,21.57,34.95,15.0,10.84,74.1,site_038
2025-10,October 2025,2.36,30.93,27.36,18.69,36.12,15.0,0.38,63.08,site_038
2025-11,November 2025,5.35,38.08,32.37,19.51,34.95,15.0,-102.64,76.23,site_038
2025-12,December 2025,3.65,20.73,19.97,18.05,36.12,15.0,-16.37,47.42,site_038
2025-01,January 2025,0.0,0.13,1.07,73.28,36.12,15.0,-145.61,-50.97,site_039
2025-02,February 2025,0.0,0.07,0.61,53.8,32.62,15.0,-95.72,-35.5,site_039
2025-03,March 2025,0.0,0.57,0.49,60.43,36.12,15.0,-113.57,-38.24,site_039
2025-04,April 2025,0.0,0.33,1.25,56.82,34.95,15.0,-83.08,-35.28,site_039
2025-05,May 2025,0.0,14.79,15.96,52.46,36.12,15.0,-136.09,-0.6,site_039
2025-06,June 2025,0.42,35.71,26.6,42.28,34.95,15.0,-46.13,40.4,site_039
2025-07,July 2025,0.8,39.09,27.72,49.96,36.12,15.0,-47.62,38.76,site_039
2025-08,August 2025,0.0,11.79,24.23,53.27,36.12,15.0,-38.78,3.87,site_039
2025-09,September 2025,0.19,1.09,2.32,66.95,34.95,15.0,-16.33,-43.41,site_039
2025-10,October 2025,0.0,0.0,0.0,68.89,36.12,15.0,-54.08,-47.77,site_039
2025-11,November 2025,0.0,0.08,1.07,61.09,34.95,15.0,-170.54,-40.0,site_039
2025-12,December 2025,0.0,0.0,0.0,69.51,36.12,15.0,-108.2,-48.4,site_039
2025-01,January 2025,0.0,1.29,8.9,34.34,36.12,15.0,-101.68,-3.03,site_040
2025-02,February 2025,0.0,7.26,10.75,20.76,32.62,15.0,-54.79,14.87,site_040
2025-03,March 2025,0.0,2.5,2.1,24.12,36.12,15.0,-59.47,1.59,site_040
2025-04,April 2025,0.28,12.06,6.03,20.21,34.95,15.0,-60.03,18.12,site_040
2025-05,May 2025,0.08,16.44,5.1,19.53,36.12,15.0,-119.55,23.21,site_040
2025-06,June 2025,0.26,19.17,8.44,19.26,34.95,15.0,-15.99,28.55,site_040
2025-07,July 2025,0.95,26.75,7.47,24.76,36.12,15.0,-22.39,31.52,site_040
2025-08,August 2025,0.0,0.06,0.0,24.99,36.12,15.0,-20.91,-3.81,site_040
2025-09,September 2025,0.71,15.9,5.33,27.61,34.95,15.0,-6.12,14.28,site_040
2025-10,October 2025,0.0,3.06,2.53,32.22,36.12,15.0,-20.22,-5.51,site_040
2025-11,November 2025,0.19,12.35,5.13,27.07,34.95,15.0,-68.82,10.54,site_040
2025-12,December 2025,0.0,0.07,1.05,32.67,36.12,15.0,-41.69,-10.43,site_040
2025-01,January 2025,0.0,0.0,0.0,33.64,36.12,15.0,-115.76,-12.52,site_041
2025-02,February 2025,0.0,0.46,0.47,21.49,32.62,15.0,-72.26,-2.93,site_041
2025-03,March 2025,0.41,2.92,1.18,20.57,36.12,15.0,-57.31,5.07,site_041
2025-04,April 2025,0.52,13.08,8.91,8.5,34.95,15.0,-61.41,33.95,site_041
2025-05,May 2025,7.3,99.71,42.2,2.35,36.12,15.0,-70.27,167.98,site_041
2025-06,June 2025,8.21,125.45,60.89,4.93,34.95,15.0,129.32,209.58,site_041
2025-07,July 2025,10.53,196.3,60.14,1.65,36.12,15.0,61.24,286.44,site_041
2025-08,August 2025,4.53,103.89,41.1,3.07,36.12,15.0,37.44,167.56,site_041
2025-09,September 2025,4.46,45.56,18.35,12.86,34.95,15.0,3.85,75.47,site_041
2025-10,October 2025,1.35,13.6,3.53,21.96,36.12,15.0,-21.44,17.63,site_041
2025-11,November 2025,2.61,12.65,3.71,21.52,34.95,15.0,-48.36,17.4,site_041
2025-12,December 2025,0.08,1.49,0.51,30.37,36.12,15.0,-62.91,-7.17,site_041
2025-01,January 2025,0.0,0.14,0.86,46.02,36.12,15.0,-117.08,-23.9,site_042
2025-02,February 2025,0.0,3.46,2.58,31.35,32.62,15.0,-79.67,-7.69,site_042
2025-03,March 2025,0.0,1.73,2.07,30.96,36.12,15.0,-53.72,-6.04,site_042
2025-04,April 2025,0.35,4.72,3.27,25.35,34.95,15.0,-37.71,2.93,site_042
2025-05,May 2025,0.25,30.34,19.18,22.1,36.12,15.0,-108.8,48.79,site_042
2025-06,June 2025,1.59,30.97,19.64,18.04,34.95,15.0,41.78,54.11,site_042
2025-07,July 2025,0.66,66.92,24.95,20.44,36.12,15.0,-1.05,93.2,site_042
2025-08,August 2025,1.17,34.51,15.94,24.78,36.12,15.0,-11.22,47.96,site_042
2025-09,September 2025,2.42,20.44,6.65,36.05,34.95,15.0,-6.81,13.41,site_042
2025-10,October 2025,0.0,13.95,6.19,39.07,36.12,15.0,-23.46,2.18,site_042
2025-11,November 2025,0.31,24.29,10.41,38.01,34.95,15.0,-112.69,16.95,site_042
2025-12,December 2025,0.17,5.02,4.16,39.98,36.12,15.0,-68.81,-9.52,site_042
2025-01,January 2025,0.0,0.0,0.01,24.58,36.12,15.0,-96.32,-3.46,site_043
2025-02,February 2025,0.0,0.0,0.0,11.97,32.62,15.0,-51.15,5.65,site_043
2025-03,March 2025,0.0,0.85,0.0,11.76,36.12,15.0,-48.49,10.2,site_043
2025-04,April 2025,0.0,5.52,10.33,12.46,34.95,15.0,-31.88,23.35,site_043
2025-05,May 2025,0.0,0.0,0.0,26.42,36.12,15.0,-131.19,-5.3,site_043
2025-06,June 2025,0.03,56.12,28.61,2.65,34.95,15.0,47.3,102.06,site_043
2025-07,July 2025,0.73,32.69,21.53,3.68,36.12,15.0,5.91,72.39,site_043
2025-08,August 2025,0.0,0.3,0.29,8.78,36.12,15.0,-8.82,12.92,site_043
2025-09,September 2025,0.0,0.0,0.52,18.46,34.95,15.0,-10.57,2.02,site_043
2025-10,October 2025,0.0,0.0,0.0,23.51,36.12,15.0,-36.45,-2.4,site_043
2025-11,November 2025,0.0,1.45,2.37,20.45,34.95,15.0,-30.44,3.31,site_043
2025-12,December 2025,0.0,0.0,0.0,24.36,36.12,15.0,-31.01,-3.24,site_043
2025-01,January 2025,0.0,0.0,0.0,50.24,36.12,15.0,-128.1,-29.12,site_044
2025-02,February 2025,0.0,0.0,0.0,34.68,32.62,15.0,-66.13,-17.06,site_044
2025-03,March 2025,0.0,0.0,0.0,34.74,36.12,15.0,-78.09,-13.62,site_044
2025-04,April 2025,0.02,1.1,3.99,19.78,34.95,15.0,-35.95,5.28,site_044
2025-05,May 2025,1.99,10.93,11.04,16.4,36.12,15.0,-116.5,28.67,site_044
2025-06,June 2025,3.6,27.58,21.52,9.15,34.95,15.0,24.93,63.51,site_044
2025-07,July 2025,2.51,15.8,12.72,13.24,36.12,15.0,-9.08,38.9,site_044
2025-08,August 2025,0.0,2.42,6.3,17.4,36.12,15.0,-11.04,12.43,site_044
2025-09,September 2025,0.0,3.21,5.8,32.06,34.95,15.0,-10.2,-3.09,site_044
2025-10,October 2025,0.0,0.03,0.9,40.65,36.12,15.0,-33.36,-18.6,site_044
2025-11,November 2025,1.3,0.7,2.73,37.81,34.95,15.0,-76.33,-13.13,site_044
2025-12,December 2025,0.0,0.0,0.61,36.43,36.12,15.0,-68.22,-14.71,site_044
2025-01,January 2025,0.0,0.0,0.01,45.8,36.12,15.0,-116.99,-24.68,site_045
2025-02,February 2025,0.0,0.38,1.93,27.36,32.62,15.0,-52.24,-7.42,site_045
2025-03,March 2025,0.17,2.09,0.0,33.43,36.12,15.0,-72.85,-10.07,site_045
2025-04,April 2025,1.55,7.02,3.37,23.72,34.95,15.0,-63.58,8.17,site_045
2025-05,May 2025,4.36,35.07,16.21,22.28,36.12,15.0,-75.28,54.49,site_045
2025-06,June 2025,8.44,67.85,20.42,18.91,34.95,15.0,94.1,97.76,site_045
2025-07,July 2025,5.43,45.32,7.99,20.78,36.12,15.0,-13.87,59.07,site_045
2025-08,August 2025,0.0,6.36,3.66,23.13,36.12,15.0,-17.58,8.01,site_045
2025-09,September 2025,0.24,2.36,0.71,36.0,34.95,15.0,-13.68,-12.74,site_045
2025-10,October 2025,0.0,0.0,0.0,41.09,36.12,15.0,-41.13,-19.98,site_045
2025-11,November 2025,0.45,10.54,1.45,38.07,34.95,15.0,-48.36,-5.68,site_045
2025-12,December 2025,0.0,0.0,0.0,37.19,36.12,15.0,-71.78,-16.07,site_045
2025-01,January 2025,0.0,3.45,7.88,36.86,36.12,15.0,-75.46,-4.42,site_046
2025-02,February 2025,0.0,0.0,0.0,29.46,32.62,15.0,-58.2,-11.84,site_046
2025-03,March 2025,0.0,1.63,0.4,23.96,36.12,15.0,-52.3,-0.81,site_046
2025-04,April 2025,0.0,14.33,1.94,22.25,34.95,15.0,-42.74,13.97,site_046
2025-05,May 2025,1.98,118.27,14.8,11.65,36.12,15.0,-19.02,144.51,site_046
2025-06,June 2025,10.96,231.09,31.17,4.41,34.95,15.0,346.84,288.76,site_046
2025-07,July 2025,0.0,34.69,5.3,26.33,36.12,15.0,-11.5,34.78,site_046
2025-08,August 2025,1.66,40.2,6.35,28.86,36.12,15.0,-12.59,40.47,site_046
2025-09,September 2025,0.42,20.98,4.79,26.71,34.95,15.0,-1.04,19.43,site_046
2025-10,October 2025,0.0,1.96,0.59,32.84,36.12,15.0,-28.45,-9.18,site_046
2025-11,November 2025,0.0,2.5,0.33,27.94,34.95,15.0,-95.55,-5.16,site_046
2025-12,December 2025,0.0,0.0,0.0,34.88,36.12,15.0,-80.96,-13.76,site_046
2025-01,January 2025,0.0,0.0,0.01,52.26,36.12,15.0,-94.31,-31.13,site_047
2025-02,February 2025,0.0,0.03,4.58,34.96,32.62,15.0,-52.75,-12.73,site_047
2025-03,March 2025,0.0,0.0,0.0,34.46,36.12,15.0,-57.8,-13.35,site_047
2025-04,April 2025,0.0,0.0,0.0,23.85,34.95,15.0,-61.35,-3.9,site_047
2025-05,May 2025,0.0,0.0,0.0,23.0,36.12,15.0,-188.2,-1.88,site_047
2025-06,June 2025,0.0,21.54,21.81,7.73,34.95,15.0,35.54,55.57,site_047
2025-07,July 2025,0.05,97.43,72.47,1.57,36.12,15.0,40.2,189.49,site_047
2025-08,August 2025,0.0,7.2,16.74,12.95,36.12,15.0,-3.1,32.11,site_047
2025-09,September 2025,0.0,0.0,0.0,33.04,34.95,15.0,-11.12,-13.09,site_047
2025-10,October 2025,0.0,0.0,0.0,48.71,36.12,15.0,-36.15,-27.6,site_047
2025-11,November 2025,0.0,0.0,0.0,40.79,34.95,15.0,-39.14,-20.84,site_047
2025-12,December 2025,0.0,0.0,0.0,50.45,36.12,15.0,-54.35,-29.34,site_047
2025-01,January 2025,0.0,0.0,0.01,42.08,36.12,15.0,-101.6,-20.95,site_048
2025-02,February 2025,0.0,0.0,0.0,25.2,32.62,15.0,-36.72,-7.58,site_048
2025-03,March 2025,0.0,0.0,0.0,32.95,36.12,15.0,-50.03,-11.83,site_048
2025-04,April 2025,0.0,0.0,0.0,29.44,34.95,15.0,-54.64,-9.49,site_048
2025-05,May 2025,0.0,2.11,1.02,25.36,36.12,15.0,-164.0,-1.11,site_048
2025-06,June 2025,0.27,2.62,1.62,22.94,34.95,15.0,-24.55,1.52,site_048
2025-07,July 2025,0.0,0.0,0.0,28.38,36.12,15.0,-35.29,-7.26,site_048
2025-08,August 2025,0.0,0.0,0.0,27.6,36.12,15.0,-25.42,-6.48,site_048
2025-09,September 2025,0.0,0.0,0.0,36.16,34.95,15.0,-15.33,-16.21,site_048
2025-10,October 2025,0.0,0.0,0.0,38.52,36.12,15.0,-43.86,-17.4,site_048
2025-11,November 2025,0.13,0.0,0.0,35.21,34.95,15.0,-70.73,-15.12,site_048
2025-12,December 2025,0.0,0.0,0.0,40.66,36.12,15.0,-29.05,-19.54,site_048
2025-01,January 2025,0.45,4.94,13.54,40.53,36.12,15.0,-103.65,-0.48,site_049
2025-02,February 2025,4.61,19.34,32.05,24.21,32.62,15.0,-46.61,49.41,site_049
2025-03,March 2025,1.97,14.35,26.26,23.77,36.12,15.0,-33.47,39.92,site_049
2025-04,April 2025,1.77,11.6,19.28,20.45,34.95,15.0,-52.42,32.15,site_049
2025-05,May 2025,1.79,22.53,28.61,13.62,36.12,15.0,-83.61,60.43,site_049
2025-06,June 2025,5.02,35.32,46.68,3.86,34.95,15.0,77.85,103.12,site_049
2025-07,July 2025,5.75,31.55,39.94,9.44,36.12,15.0,7.65,88.91,site_049
2025-08,August 2025,1.4,13.61,27.16,20.96,36.12,15.0,-5.97,42.31,site_049
2025-09,September 2025,3.74,8.14,11.1,31.58,34.95,15.0,-2.83,11.35,site_049
2025-10,October 2025,0.62,7.09,27.52,34.23,36.12,15.0,-10.85,22.12,site_049
2025-11,November 2025,2.66,17.73,38.07,31.26,34.95,15.0,-122.53,47.14,site_049
2025-12,December 2025,2.24,10.21,48.26,33.81,36.12,15.0,-38.95,48.01,site_049
2025-01,January 2025,4.41,131.08,59.67,12.37,36.12,15.0,-10.06,203.9,site_050
2025-02,February 2025,11.78,133.21,70.15,5.1,32.62,15.0,-9.91,227.66,site_050
2025-03,March 2025,1.76,58.89,36.31,4.85,36.12,15.0,-5.68,113.23,site_050
2025-04,April 2025,11.95,102.73,76.97,1.36,34.95,15.0,-7.36,210.24,site_050
2025-05,May 2025,11.48,163.34,74.5,1.68,36.12,15.0,-9.89,268.76,site_050
2025-06,June 2025,45.49,360.67,103.04,0.0,34.95,15.0,469.53,529.15,site_050
2025-07,July 2025,38.96,308.73,102.65,0.22,36.12,15.0,107.92,471.23,site_050
2025-08,August 2025,16.05,151.8,95.38,1.36,36.12,15.0,70.53,282.99,site_050
2025-09,September 2025,7.98,48.82,57.72,5.2,34.95,15.0,20.72,129.27,site_050
2025-10,October 2025,6.49,56.78,45.99,8.95,36.12,15.0,4.58,121.42,site_050
2025-11,November 2025,7.76,71.93,51.27,8.58,34.95,15.0,-73.32,142.34,site_050
2025-12,December 2025,9.14,78.04,81.49,6.96,36.12,15.0,-23.75,182.81,site_050
