site_id,month,vpp_throughput_kwh
site_001,1,21.980999999999998
site_001,2,21.980999999999998
site_001,3,21.980999999999998
site_001,4,21.980999999999998
site_001,5,21.980999999999998
site_001,6,21.980999999999998
site_001,7,21.980999999999998
site_001,8,21.980999999999998
site_001,9,21.980999999999998
site_001,10,21.980999999999998
site_001,11,21.980999999999998
site_001,12,6.465
site_002,1,21.476
site_002,2,20.9
site_002,3,21.66
site_002,4,21.980999999999998
site_002,5,21.980999999999998
site_002,6,21.980999999999998
site_002,7,21.511
site_002,8,21.788999999999998
site_002,9,21.980999999999998
site_002,10,21.980999999999998
site_002,11,21.980999999999998
site_002,12,9.051
site_003,1,21.072
site_003,2,21.072
site_003,3,21.072
site_003,4,21.072
site_003,5,21.072
site_003,6,21.489
site_003,7,21.072
site_003,8,21.072
site_003,9,21.072
site_003,10,21.072
site_003,11,21.072
site_003,12,15.804
site_004,1,21.980999999999998
site_004,2,21.980999999999998
site_004,3,21.980999999999998
site_004,4,21.980999999999998
site_004,5,21.980999999999998
site_004,6,21.980999999999998
site_004,7,21.980999999999998
site_004,8,21.980999999999998
site_004,9,21.980999999999998
site_004,10,21.980999999999998
site_004,11,21.980999999999998
site_004,12,6.465
site_005,1,21.318
site_005,2,21.318
site_005,3,21.318
site_005,4,21.318
site_005,5,21.318
site_005,6,20.94
site_005,7,21.318
site_005,8,21.318
site_005,9,20.988
site_005,10,21.318
site_005,11,21.096
site_005,12,14.858
site_006,1,21.075
site_006,2,21.601
site_006,3,21.075
site_006,4,21.581
site_006,5,21.207
site_006,6,21.085
site_006,7,20.922
site_006,8,21.117
site_006,9,21.15
site_006,10,21.022
site_006,11,21.075
site_006,12,15.174
site_007,1,21.204
site_007,2,21.204
site_007,3,21.204
site_007,4,21.204
site_007,5,8.407
site_007,6,2.452
site_007,7,3.8699999999999997
site_007,8,21.698999999999998
site_007,9,21.204
site_007,10,21.36
site_007,11,21.204
site_007,12,21.204
site_008,1,15.804
site_008,2,17.131
site_008,3,10.222
site_008,4,21.072
site_008,5,21.072
site_008,6,19.49
site_008,7,16.243
site_008,8,21.072
site_008,9,14.648
site_008,10,12.854
site_008,11,17.999
site_008,12,15.943
site_009,1,21.980999999999998
site_009,2,21.980999999999998
site_009,3,21.980999999999998
site_009,4,21.980999999999998
site_009,5,21.980999999999998
site_009,6,21.455
site_009,7,21.980999999999998
site_009,8,21.980999999999998
site_009,9,21.980999999999998
site_009,10,20.881999999999998
site_009,11,21.980999999999998
site_009,12,9.051
site_010,1,21.075
site_010,2,21.551
site_010,3,21.075
site_010,4,21.197
site_010,5,21.221
site_010,6,9.584999999999999
site_010,7,8.4
site_010,8,20.903
site_010,9,21.226
site_010,10,20.971999999999998
site_010,11,21.075
site_010,12,21.075
site_011,1,21.980999999999998
site_011,2,21.494
site_011,3,21.173
site_011,4,21.980999999999998
site_011,5,21.980999999999998
site_011,6,21.2
site_011,7,21.259
site_011,8,21.766
site_011,9,21.980999999999998
site_011,10,22.019
site_011,11,21.980999999999998
site_011,12,9.728
site_012,1,16.874
site_012,2,21.072
site_012,3,16.682
site_012,4,21.072
site_012,5,21.072
site_012,6,20.943
site_012,7,21.072
site_012,8,21.072
site_012,9,18.512
site_012,10,18.877
site_012,11,18.438
site_012,12,21.072
site_013,1,21.318
site_013,2,21.318
site_013,3,21.318
site_013,4,21.318
site_013,5,21.318
site_013,6,20.831
site_013,7,21.194
site_013,8,21.01
site_013,9,20.992
site_013,10,21.318
site_013,11,20.96
site_013,12,15.504000000000001
site_014,1,21.192
site_014,2,20.932
site_014,3,21.192
site_014,4,21.379
site_014,5,21.557
site_014,6,21.424
site_014,7,21.585
site_014,8,21.192
site_014,9,21.333
site_014,10,21.202
site_014,11,21.537
site_014,12,14.128
site_015,1,21.204
site_015,2,21.204
site_015,3,21.204
site_015,4,21.204
site_015,5,21.204
site_015,6,21.204
site_015,7,21.204
site_015,8,21.204
site_015,9,21.204
site_015,10,21.753999999999998
site_015,11,21.204
site_015,12,15.902999999999999
site_016,1,21.072
site_016,2,21.223
site_016,3,19.316
site_016,4,21.072
site_016,5,21.072
site_016,6,21.386
site_016,7,21.344
site_016,8,21.072
site_016,9,21.072
site_016,10,21.072
site_016,11,21.072
site_016,12,17.56
site_017,1,20.896
site_017,2,21.263
site_017,3,12.792
site_017,4,21.365000000000002
site_017,5,20.903000000000002
site_017,6,6.792
site_017,7,8.685
site_017,8,17.644000000000002
site_017,9,16.628
site_017,10,20.896
site_017,11,20.896
site_017,12,20.839000000000002
site_018,1,21.980999999999998
site_018,2,21.980999999999998
site_018,3,21.980999999999998
site_018,4,21.980999999999998
site_018,5,21.980999999999998
site_018,6,21.980999999999998
site_018,7,21.980999999999998
site_018,8,21.980999999999998
site_018,9,21.980999999999998
site_018,10,21.980999999999998
site_018,11,21.980999999999998
site_018,12,6.465
site_019,1,8.398
site_019,2,19.761
site_019,3,4.25
site_019,4,21.394000000000002
site_019,6,1.9380000000000002
site_019,7,7.495
site_019,8,11.714
site_019,9,21.418
site_019,10,19.743000000000002
site_019,11,21.318
site_019,12,9.963000000000001
site_020,1,21.204
site_020,2,21.204
site_020,3,21.204
site_020,4,21.204
site_020,5,21.204
site_020,6,21.204
site_020,7,21.204
site_020,8,21.204
site_020,9,21.204
site_020,10,20.991
site_020,11,21.204
site_020,12,15.902999999999999
site_021,1,6.585
site_021,2,18.438
site_021,3,16.243
site_021,4,21.072
site_021,5,20.883
site_021,6,15.732
site_021,7,18.043
site_021,8,18.41
site_021,9,15.717
site_021,10,18.648
site_021,11,17.999
site_021,12,20.974
site_022,1,21.624
site_022,2,22.151999999999997
site_022,3,21.204
site_022,4,21.204
site_022,5,21.204
site_022,6,21.204
site_022,7,21.743
site_022,8,21.204
site_022,9,21.204
site_022,10,21.204
site_022,11,21.204
site_022,12,14.136
site_023,1,21.931
site_023,2,21.931
site_023,3,21.931
site_023,4,21.931
site_023,5,21.931
site_023,6,21.931
site_023,7,21.931
site_023,8,21.931
site_023,9,21.931
site_023,10,21.931
site_023,11,21.931
site_023,12,8.435
site_024,1,21.980999999999998
site_024,2,20.886
site_024,3,21.980999999999998
site_024,4,21.980999999999998
site_024,5,21.980999999999998
site_024,6,21.055999999999997
site_024,7,21.895
site_024,8,21.980999999999998
site_024,9,21.980999999999998
site_024,10,20.898999999999997
site_024,11,21.980999999999998
site_024,12,10.344
site_025,1,21.075
site_025,2,21.179
site_025,3,21.075
site_025,4,21.088
site_025,5,20.916
site_025,6,21.447
site_025,7,21.615
site_025,8,21.061999999999998
site_025,9,21.157
site_025,10,21.075
site_025,11,21.509
site_025,12,15.174
site_026,1,20.896
site_026,2,20.858
site_026,3,16.399
site_026,4,21.446
site_026,5,21.384
site_026,6,21.118000000000002
site_026,7,19.366
site_026,8,20.895
site_026,9,19.465
site_026,10,21.047
site_026,11,20.896
site_026,12,20.837
site_027,1,21.980999999999998
site_027,2,21.454
site_027,3,21.980999999999998
site_027,4,21.980999999999998
site_027,5,21.980999999999998
site_027,6,21.311999999999998
site_027,7,21.697
site_027,8,21.980999999999998
site_027,9,21.980999999999998
site_027,10,21.980999999999998
site_027,11,21.980999999999998
site_027,12,7.757999999999999
site_028,1,4.819999999999999
site_028,2,21.861
site_028,3,21.198
site_028,4,21.204
site_028,5,21.204
site_028,6,21.204
site_028,7,22.235999999999997
site_028,8,21.204
site_028,9,21.204
site_028,10,21.204
site_028,11,21.204
site_028,12,21.204
site_029,1,21.204
site_029,2,22.299
site_029,3,21.204
site_029,4,21.204
site_029,5,21.204
site_029,6,21.204
site_029,7,21.753
site_029,8,21.204
site_029,9,21.204
site_029,10,21.204
site_029,11,21.204
site_029,12,14.136
site_030,1,21.318
site_030,2,21.318
site_030,3,21.318
site_030,4,21.318
site_030,5,21.318
site_030,6,20.986
site_030,7,21.049
site_030,8,21.298000000000002
site_030,9,20.992
site_030,10,21.318
site_030,11,21.29
site_030,12,14.858
site_031,1,19.512
site_031,2,21.419
site_031,3,11.719000000000001
site_031,4,21.432000000000002
site_031,5,20.935000000000002
site_031,6,20.871000000000002
site_031,7,20.553
site_031,8,21.444000000000003
site_031,9,17.377
site_031,10,21.02
site_031,11,21.252000000000002
site_031,12,20.896
site_032,1,21.259
site_032,2,21.133
site_032,3,4.307
site_032,4,21.026
site_032,5,21.188
site_032,6,20.881999999999998
site_032,7,21.069
site_032,8,21.075
site_032,9,21.221999999999998
site_032,10,21.075
site_032,11,17.805
site_032,12,21.075
site_033,1,20.896
site_033,2,21.035
site_033,3,21.35
site_033,4,21.169
site_033,5,21.157
site_033,6,21.073
site_033,7,20.988
site_033,8,20.896
site_033,9,16.832
site_033,10,21.182000000000002
site_033,11,20.895
site_033,12,20.707
site_034,1,19.59
site_034,2,21.057000000000002
site_034,3,21.400000000000002
site_034,4,20.879
site_034,5,21.149
site_034,6,20.948
site_034,7,21.3
site_034,8,21.315
site_034,9,20.866
site_034,10,20.896
site_034,11,21.148
site_034,12,17.631
site_035,1,21.204
site_035,2,21.204
site_035,3,21.204
site_035,4,21.204
site_035,5,21.204
site_035,6,21.204
site_035,7,20.863
site_035,8,21.204
site_035,9,21.204
site_035,10,21.968999999999998
site_035,11,21.204
site_035,12,15.902999999999999
site_036,1,21.980999999999998
site_036,2,21.980999999999998
site_036,3,21.980999999999998
site_036,4,21.980999999999998
site_036,5,21.980999999999998
site_036,6,21.980999999999998
site_036,7,21.980999999999998
site_036,8,21.980999999999998
site_036,9,21.980999999999998
site_036,10,21.980999999999998
site_036,11,21.980999999999998
site_036,12,6.465
site_037,1,21.204
site_037,2,21.204
site_037,3,21.204
site_037,4,21.204
site_037,5,21.204
site_037,6,21.165
site_037,7,21.204
site_037,8,21.204
site_037,9,21.204
site_037,10,20.884
site_037,11,21.204
site_037,12,15.902999999999999
site_038,1,15.696
site_038,2,20.194
site_038,3,10.109
site_038,4,21.234
site_038,5,21.072
site_038,6,21.06
site_038,7,20.718
site_038,8,21.198
site_038,9,15.161
site_038,10,11.336
site_038,11,17.56
site_038,12,14.417
site_039,1,20.896
site_039,2,20.978
site_039,3,21.065
site_039,4,20.975
site_039,5,21.167
site_039,6,20.945
site_039,7,20.916
site_039,8,21.238
site_039,9,21.058
site_039,10,20.896
site_039,11,21.193
site_039,12,16.978
site_040,1,21.192
site_040,2,21.643
site_040,3,21.192
site_040,4,21.15
site_040,5,21.107
site_040,6,21.538
site_040,7,20.979
site_040,8,21.327
site_040,9,21.192
site_040,10,21.192
site_040,11,20.864
site_040,12,15.011
site_041,1,21.192
site_041,2,20.95
site_041,3,21.192
site_041,4,21.659
site_041,5,21.082
site_041,6,21.262
site_041,7,21.335
site_041,8,21.295
site_041,9,17.86
site_041,10,21.192
site_041,11,21.192
site_041,12,18.543
site_042,1,21.075
site_042,2,21.531
site_042,3,21.596999999999998
site_042,4,21.087
site_042,5,20.9
site_042,6,21.36
site_042,7,21.075
site_042,8,21.075
site_042,9,21.226
site_042,10,21.075
site_042,11,21.075
site_042,12,15.174
site_043,1,21.072
site_043,2,21.454
site_043,3,21.072
site_043,4,21.072
site_043,5,21.072
site_043,6,21.24
site_043,7,21.364
site_043,8,21.072
site_043,9,21.072
site_043,10,21.072
site_043,11,21.072
site_043,12,15.804
site_044,1,21.075
site_044,2,20.855
site_044,3,21.075
site_044,4,21.084
site_044,5,21.205
site_044,6,21.086
site_044,7,21.313
site_044,8,21.075
site_044,9,21.226
site_044,10,21.256999999999998
site_044,11,21.371
site_044,12,16.017
site_045,1,21.318
site_045,2,21.318
site_045,3,20.971
site_045,4,21.318
site_045,5,21.318
site_045,6,20.962
site_045,7,21.318
site_045,8,21.318
site_045,9,20.992
site_045,10,21.318
site_045,11,21.318
site_045,12,14.858
site_046,1,17.56
site_046,2,21.072
site_046,3,16.682
site_046,4,21.072
site_046,5,21.072
site_046,6,14.453
site_046,7,21.072
site_046,8,21.072
site_046,9,17.135
site_046,10,18.877
site_046,11,21.072
site_046,12,21.072
site_047,1,21.204
site_047,2,21.204
site_047,3,21.204
site_047,4,21.204
site_047,5,22.119999999999997
site_047,6,21.204
site_047,7,21.948
site_047,8,21.204
site_047,9,21.204
site_047,10,21.204
site_047,11,21.204
site_047,12,14.136
site_048,1,21.980999999999998
site_048,2,21.980999999999998
site_048,3,21.980999999999998
site_048,4,21.980999999999998
site_048,5,21.980999999999998
site_048,6,20.877
site_048,7,21.980999999999998
site_048,8,21.980999999999998
site_048,9,21.980999999999998
site_048,10,21.980999999999998
site_048,11,21.980999999999998
site_048,12,7.757999999999999
site_049,1,20.896
site_049,2,21.346
site_049,3,15.313
site_049,4,21.439
site_049,5,21.004
site_049,6,21.080000000000002
site_049,7,21.219
site_049,8,21.43
site_049,9,16.503
site_049,10,21.11
site_049,11,20.896
site_049,12,20.896
site_050,1,15.894
site_050,2,20.906
site_050,3,11.38
site_050,4,21.321
site_050,5,20.866
site_050,7,3.1630000000000003
site_050,8,19.494
site_050,9,13.618
site_050,10,21.303
site_050,11,21.192
site_050,12,21.083
