site_id,pv_capacity_kw
site_001,15.0
site_002,6.6
site_003,15.0
site_004,6.6
site_005,6.6
site_006,6.6
site_007,10.56
site_008,6.6
site_009,8.8
site_010,6.6
site_011,8.0
site_012,9.9
site_013,9.9
site_014,15.0
site_015,8.0
site_016,8.0
site_017,6.6
site_018,6.6
site_019,6.6
site_020,13.2
site_021,10.0
site_022,6.6
site_023,13.2
site_024,6.6
site_025,8.0
site_026,10.56
site_027,8.0
site_028,6.6
site_029,8.8
site_030,9.9
site_031,9.9
site_032,6.6
site_033,13.2
site_034,10.56
site_035,6.6
site_036,8.8
site_037,8.8
site_038,8.0
site_039,15.0
site_040,8.0
site_041,6.6
site_042,9.9
site_043,6.6
site_044,9.9
site_045,8.8
site_046,8.0
site_047,10.0
site_048,8.8
site_049,9.9
site_050,6.6
